{
  "Ansi 7 Color (Light)" : {
    "Green Component" : 0.89001238346099854,
    "Red Component" : 0.91611063480377197,
    "Blue Component" : 0.79781103134155273
  },
  "Brighten Bold Text (Light)" : true,
  "Ansi 15 Color (Light)" : {
    "Green Component" : 0.95794391632080078,
    "Red Component" : 0.98943418264389038,
    "Blue Component" : 0.86405980587005615
  },
  "Ansi 2 Color (Light)" : {
    "Green Component" : 0.7455558180809021,
    "Red Component" : 0.42339208722114563,
    "Blue Component" : 0.42409399151802063
  },
  "Bold Color" : {
    "Red Component" : 0.062745101749897003,
    "Color Space" : "sRGB",
    "Blue Component" : 0.062745101749897003,
    "Alpha Component" : 1,
    "Green Component" : 0.062745101749897003
  },
  "Ansi 1 Color (Dark)" : {
    "Green Component" : 0.10840655118227005,
    "Red Component" : 0.81926977634429932,
    "Blue Component" : 0.14145714044570923
  },
  "Use Bright Bold" : true,
  "Ansi 9 Color (Light)" : {
    "Green Component" : 0.084504462778568268,
    "Red Component" : 0.95941102504730225,
    "Blue Component" : 0.23225757479667664
  },
  "Ansi 8 Color (Dark)" : {
    "Green Component" : 0.39142724871635437,
    "Red Component" : 0,
    "Blue Component" : 0.53505516052246094
  },
  "Use Bright Bold (Dark)" : true,
  "Background Color" : {
    "Red Component" : 0.97999999999999998,
    "Color Space" : "sRGB",
    "Blue Component" : 0.97999999999999998,
    "Alpha Component" : 1,
    "Green Component" : 0.97999999999999998
  },
  "Ansi 8 Color" : {
    "Red Component" : 0.40781760215759277,
    "Color Space" : "sRGB",
    "Blue Component" : 0.4078223705291748,
    "Alpha Component" : 1,
    "Green Component" : 0.40782788395881653
  },
  "Columns" : 168,
  "Right Option Key Sends" : 0,
  "Ansi 4 Color (Light)" : {
    "Green Component" : 0.46265947818756104,
    "Red Component" : 0.12754884362220764,
    "Blue Component" : 0.78231418132781982
  },
  "Blinking Cursor" : false,
  "Selected Text Color (Light)" : {
    "Green Component" : 0.56244754791259766,
    "Red Component" : 0.47797361016273499,
    "Blue Component" : 0.55732053518295288
  },
  "Selected Text Color (Dark)" : {
    "Green Component" : 0.56244754791259766,
    "Red Component" : 0.47797361016273499,
    "Blue Component" : 0.55732053518295288
  },
  "Ansi 3 Color (Dark)" : {
    "Green Component" : 0.46751424670219421,
    "Red Component" : 0.64746475219726562,
    "Blue Component" : 0.023484811186790466
  },
  "Keyboard Map" : {

  },
  "Visual Bell" : true,
  "Cursor Text Color" : {
    "Red Component" : 1,
    "Color Space" : "sRGB",
    "Blue Component" : 1,
    "Alpha Component" : 1,
    "Green Component" : 1
  },
  "Scrollback Lines" : 1000,
  "Selection Color (Light)" : {
    "Green Component" : 0.21576285362243652,
    "Red Component" : 0,
    "Blue Component" : 0.28167051076889038
  },
  "Ansi 0 Color" : {
    "Red Component" : 0.078431375324726105,
    "Color Space" : "sRGB",
    "Blue Component" : 0.11764705926179886,
    "Alpha Component" : 1,
    "Green Component" : 0.098039217293262482
  },
  "Match Background Color (Dark)" : {
    "Red Component" : 1,
    "Color Space" : "P3",
    "Blue Component" : 0,
    "Alpha Component" : 1,
    "Green Component" : 1
  },
  "Ansi 11 Color (Light)" : {
    "Green Component" : 0.49430075287818909,
    "Red Component" : 0.69710838794708252,
    "Blue Component" : 0.1584954559803009
  },
  "Ansi 5 Color (Dark)" : {
    "Green Component" : 0.10802463442087173,
    "Red Component" : 0.77738940715789795,
    "Blue Component" : 0.43516635894775391
  },
  "Cursor Text Color (Light)" : {
    "Green Component" : 0.15575926005840302,
    "Red Component" : 0,
    "Blue Component" : 0.19370138645172119
  },
  "Silence Bell" : false,
  "Rows" : 37,
  "Guid" : "732FC857-3A9E-4016-9AA4-E064732A6392",
  "Ansi 14 Color (Dark)" : {
    "Green Component" : 0.70167088508605957,
    "Red Component" : 0,
    "Blue Component" : 0.62018769979476929
  },
  "Use Cursor Guide (Dark)" : false,
  "Ansi 15 Color (Dark)" : {
    "Green Component" : 0.95794391632080078,
    "Red Component" : 0.98943418264389038,
    "Blue Component" : 0.86405980587005615
  },
  "Ansi 0 Color (Dark)" : {
    "Green Component" : 0.15575926005840302,
    "Red Component" : 0,
    "Blue Component" : 0.19370138645172119
  },
  "Ambiguous Double Width" : false,
  "Option Key Sends" : 0,
  "Ansi 3 Color" : {
    "Red Component" : 0.78058648109436035,
    "Color Space" : "sRGB",
    "Blue Component" : 0,
    "Alpha Component" : 1,
    "Green Component" : 0.76959484815597534
  },
  "Window Type" : 0,
  "Smart Cursor Color (Dark)" : true,
  "BM Growl" : true,
  "Prompt Before Closing 2" : false,
  "Command" : "",
  "Smart Cursor Color (Light)" : false,
  "Use Bright Bold (Light)" : true,
  "Use Selected Text Color (Light)" : true,
  "Selected Text Color" : {
    "Red Component" : 0,
    "Color Space" : "sRGB",
    "Blue Component" : 0,
    "Alpha Component" : 1,
    "Green Component" : 0
  },
  "Ansi 14 Color (Light)" : {
    "Green Component" : 0.70167088508605957,
    "Red Component" : 0,
    "Blue Component" : 0.62018769979476929
  },
  "Cursor Guide Color (Dark)" : {
    "Red Component" : 0.74862593412399292,
    "Color Space" : "P3",
    "Blue Component" : 0.99125725030899048,
    "Alpha Component" : 0.25,
    "Green Component" : 0.92047786712646484
  },
  "Send Code When Idle" : false,
  "Ansi 6 Color" : {
    "Red Component" : 0,
    "Color Space" : "sRGB",
    "Blue Component" : 0.78166204690933228,
    "Alpha Component" : 1,
    "Green Component" : 0.77425903081893921
  },
  "Jobs to Ignore" : [
    "rlogin",
    "ssh",
    "slogin",
    "telnet"
  ],
  "Badge Color (Dark)" : {
    "Red Component" : 0.92929404973983765,
    "Color Space" : "P3",
    "Blue Component" : 0.13960540294647217,
    "Alpha Component" : 0.5,
    "Green Component" : 0.25479039549827576
  },
  "Use Underline Color (Light)" : false,
  "Cursor Color" : {
    "Red Component" : 0,
    "Color Space" : "sRGB",
    "Blue Component" : 0,
    "Alpha Component" : 1,
    "Green Component" : 0
  },
  "Vertical Spacing" : 1,
  "Minimum Contrast (Light)" : 0,
  "Disable Window Resizing" : true,
  "Use Selected Text Color (Dark)" : true,
  "Close Sessions On End" : true,
  "Selection Color (Dark)" : {
    "Green Component" : 0.21576285362243652,
    "Red Component" : 0,
    "Blue Component" : 0.28167051076889038
  },
  "Default Bookmark" : "No",
  "Minimum Contrast (Dark)" : 0,
  "Custom Command" : "No",
  "Foreground Color (Light)" : {
    "Green Component" : 0.75921261310577393,
    "Red Component" : 0.61000990867614746,
    "Blue Component" : 0.7630731463432312
  },
  "Ansi 9 Color" : {
    "Red Component" : 0.8659515380859375,
    "Color Space" : "sRGB",
    "Blue Component" : 0.45833224058151245,
    "Alpha Component" : 1,
    "Green Component" : 0.47524076700210571
  },
  "Background Color (Dark)" : {
    "Red Component" : 0.021559510380029678,
    "Color Space" : "P3",
    "Blue Component" : 0.055459104478359222,
    "Alpha Component" : 1,
    "Green Component" : 0.042966432869434357
  },
  "Ansi 14 Color" : {
    "Red Component" : 0.37597531080245972,
    "Color Space" : "sRGB",
    "Blue Component" : 1,
    "Alpha Component" : 1,
    "Green Component" : 0.99263292551040649
  },
  "Flashing Bell" : false,
  "Use Italic Font" : true,
  "Ansi 13 Color (Dark)" : {
    "Green Component" : 0.30289158225059509,
    "Red Component" : 0.88624399900436401,
    "Blue Component" : 0.55838865041732788
  },
  "Cursor Guide Color (Light)" : {
    "Red Component" : 0.74862593412399292,
    "Color Space" : "P3",
    "Blue Component" : 0.99125725030899048,
    "Alpha Component" : 0.25,
    "Green Component" : 0.92047786712646484
  },
  "Ansi 12 Color" : {
    "Red Component" : 0.65349078178405762,
    "Color Space" : "sRGB",
    "Blue Component" : 0.9485321044921875,
    "Alpha Component" : 1,
    "Green Component" : 0.67044717073440552
  },